03	0	100	0.00396412	.06		0.000658954	.0331	100
02	0	100	0.0626976	.0552		0.000188843	.045	100
01	0	100	3.20249e-05	.0392	0.0267732	.0637	0.0138246	.0613	100
04	0	100	0.0003942	.0358	0.00667182	.0632	0.000118452	.0568	100
03	1	100	0.00130816	.0507		0.000985431	.0507	100
02	1	100	0.0269143	.0683		0.0012503	.0738	100
01	1	100	0.0023211	.0587	0.00584305	.0459	0.00190814	.051	100
04	1	100	0.00113357	.0301	0.00118995	.0502	7.37954e-05	.0462	100
03	10	100	0.0146412	.0809		0.000969319	.0831	100
02	10	100	0.00976044	.0594		7.07426e-05	.0568	100
02	11	100	0.00770071	.0626		0.0079403	.0761	100
03	11	100	0.0172349	.0325		0.0351326	.0607	100
01	10	100	0.000448806	.0645	0.00158437	.0613	0.00194295	.0839	100
04	10	100	0.000145022	.0552	0.0101434	.0759	0.0103815	.0621	100
02	12	100	0.0701184	.0594		0.0248844	.0344	100
03	12	100	0.000457596	.0619		0.00185352	.0686	100
04	11	100	0.00098109	.0301	0.00236753	.0414	0.00330903	.0602	100
01	11	100	0.00993015	.0446	0.0125131	.0817	0.00379598	.0668	100
02	13	100	0.000329176	.0477		0.0571865	.0477	100
03	13	100	0.00357609	.0546		0.0021461	.0693	100
02	14	100	9.61102e-05	.0597		7.20344e-05	.0553	100
04	12	100	0.0151872	.0563	0.00538963	.0563	0.00366622	.0498	100
01	12	100	5.14962e-05	.0498	0.0121302	.0677	0.000632966	.0518	100
03	14	100	0.0141972	.0407		0.01844	.0407	100
02	15	100	0.00409692	.0531		0.00444983	.0616	100
03	15	100	0.0975307	.0496		0.102783	.0625	100
04	13	100	0.00489636	.0443	0.0377357	.0612	0.0333622	.0612	100
01	13	100	0.000160586	.0414	0.00705903	.0479	0.00734301	.0545	100
02	16	100	0.000411295	.0459		0.00306983	.0676	100
03	16	100	0.00195101	.054		0.00196552	.0762	100
04	14	100	0.00028317	.0343	0.00600692	.0686	0.000261501	.0343	100
02	17	100	0.00463801	.0634		0.00618993	.081	100
01	14	100	7.71641e-05	.0584	0.00312778	.0584	0.0010335	.0827	100
03	17	100	0.000226929	.0645		0.000539179	.0645	100
04	15	100	0.00156473	.0347	0.00163401	.0278	0.0017435	.0417	100
02	18	100	0.00220915	.0679		0.00376708	.0598	100
03	18	100	0.000430709	.0579		0.00244891	.064	100
01	15	100	0.000787989	.0436	0.00707357	.0545	0.00209865	.0588	100
02	19	100	0.0325865	.0619		0.0082341	.0642	100
04	16	100	0.000165735	.0419	0.0533225	.0744	0.000548135	.0558	100
03	19	100	0.0461044	.0324		0.0461907	.0413	100
01	16	100	0.00106116	.0547	0.00602356	.0722	0.0173728	.0569	100
02	2	100	0.00167834	.0622		0.00339202	.0644	100
03	2	100	0.0717755	.0584		0.073061	.0519	100
04	17	100	0.0486336	.0574	0.0486552	.0594	0.0487415	.0615	100
01	17	100	0.000238576	.0425	0.000390345	.0359	0.0004769	.0359	100
02	20	100	0.0011211	.0844		0.00113922	.0978	100
03	20	100	0.000366837	.0312		0.0110227	.0406	100
04	18	100	0.00146044	.0359	0.0055146	.0598	0.00760588	.0478	100
02	21	100	0.0100074	.0645		0.00346334	.0744	100
03	21	100	0.0252126	.0481		0.0116219	.0521	100
01	18	100	0.0418564	.0471	0.0445232	.0445	0.0429642	.0576	100
03	22	100	9.69513e-05	.0454		0.00235591	.0598	100
02	22	100	0.000663825	.0606		0.000663968	.0584	100
04	19	100	0.00055145	.0554	0.0125983	.0647	0.00101605	.0577	100
01	19	100	0.0783966	.059	0.0786714	.0826	0.0366068	.0678	100
03	23	100	0.00508572	.0476		0.00502527	.0556	100
02	23	100	0.00179067	.0511		0.000679723	.0607	100
04	2	100	0.000436351	.0403	0.000539573	.0685	0.000429018	.0605	100
01	2	100	8.02935e-05	.0385	8.62139e-05	.041	2.17892e-05	.0462	100
03	3	100	0.000155127	.0349		0.00312669	.0436	100
02	24	100	0.0161654	.0655		0.00315711	.0655	100
03	4	100	0.00641605	.0583		0.000642253	.0528	100
02	3	100	0.00933062	.0717		0.00937042	.0561	100
01	20	100	0.000282644	.0388	0.00111031	.0496	4.76574e-05	.0453	100
04	20	100	0.000159175	.0383	0.00181879	.0468	0.000775483	.0532	100
03	5	100	5.6122e-05	.0541		2.03773e-05	.0381	100
02	4	100	0.00345219	.0523		0.00619356	.0566	100
01	21	100	0.00413503	.0563	0.00559531	.0644	0.00412368	.0382	100
04	21	100	1.50377e-05	.0227	0.00708083	.0659	0.0021362	.0364	100
03	6	100	0.00400456	.0525		0.00902426	.0606	100
02	5	100	0.000187147	.0577		5.18073e-05	.0394	100
01	22	100	2.32409e-05	.0383	0.000188301	.0495	6.83663e-05	.0383	100
03	7	100	0.020436	.0582		0.0215166	.0647	100
02	6	100	0.0491657	.0587		0.0462306	.054	100
04	22	100	0.000320455	.0605	0.000371235	.0583	0.0384478	.0713	100
03	8	100	0.000929791	.0611		0.00118852	.0587	100
02	7	100	0.0680014	.0785		0.0676361	.0614	100
01	23	100	0.00264436	.0556	0.00257734	.0476	0.00581498	.0635	100
04	23	100	0.0394879	.0535	0.089709	.0479	0.0425865	.0592	100
03	9	100	0.00343934	.0543		0.0330831	.0743	100
02	8	100	0.0580328	.0672		0.0170289	.0692	100
01	24	100	0.00945672	.0536	0.0493226	.0536	0.0210008	.0357	100
04	3	100	0.00812077	.0431	0.0251604	.0635	0.0229001	.0457	100
02	9	100	0.00110136	.0703		0.000326988	.0521	100
05	0	100	0.0146459	.0841		0.00148999	.0795	100
01	3	100	0.0231933	.0469	0.0233272	.0469	0.0233509	.054	100
06	0	100	0.000147276	.0528		0.00103148	.0647	100
05	1	100	0.0128651	.0624		0.0021035	.0624	100
04	4	100	0.000854249	.033	0.00158353	.0385	0.000823756	.0302	100
01	4	100	0.000255514	.0481	0.00132519	.0481	0.000255629	.0428	100
05	10	100	3.38216e-05	.0585		0.106032	.078	100
06	1	100	0.00407747	.0497		0.0870165	.0476	100
04	5	100	0.000231782	.0341	0.0268255	.0661	0.000193984	.0299	100
06	10	100	0.0166859	.0482		0.00247929	.0545	100
05	11	100	0.000263147	.051		0.000179937	.0446	100
01	5	100	8.03071e-05	.0325	0.000112302	.0446	0.00443214	.0649	100
04	6	100	0.000432548	.0615	0.00558767	.0769	0.0113673	.0923	100
05	12	100	0.0125864	.0493		0.000789436	.0657	100
06	11	100	0.00616347	.0602		0.00615932	.0664	100
01	6	100	0.000801505	.0509	0.0235516	.0719	0.00210957	.0719	100
04	7	100	0.000799481	.0502	0.000822808	.0586	0.00273803	.0502	100
06	12	100	0.0246842	.0475		0.0102848	.0594	100
05	13	100	0.00124156	.0716		0.000341261	.0559	100
01	7	100	0.00083992	.039	0.00576465	.0585	0.00162523	.078	100
06	13	100	0.000373788	.0503		0.0132673	.0608	100
04	8	100	0.00144242	.0307	0.00482514	.0448	0.00102429	.0495	100
05	14	100	0.0050762	.0665		0.0355332	.0786	100
01	8	100	0.00814967	.0415	0.000233897	.0463	0.0192904	.0488	100
06	14	100	0.0862479	.0403		0.000122982	.0504	100
05	15	100	0.000172716	.0796		0.0020939	.0584	100
04	9	100	0.0396603	.038	0.0389626	.048	0.0395536	.062	100
06	15	100	0.000513441	.0441		0.00564829	.0588	100
05	16	100	0.00154453	.0603		0.00323082	.0668	100
01	9	100	0.000117935	.057	0.00106569	.0631	0.000477532	.0733	100
06	16	100	0.000299484	.0315		0.00272372	.0517	100
05	17	100	0.00097377	.065		0.00174805	.06	100
07	0	100	0.000574772	.0745	0.0186475	.0858	0.0042541	.0587	100
06	17	100	0.000193744	.0882		7.34774e-05	.0478	100
08	0	100	0.0013434	.0455	0.0164733	.0745	0.00167434	.0497	100
05	18	100	0.0263425	.0647		0.00830397	.0529	100
07	1	100	0.068278	.049	0.0720051	.0747	0.0680979	.0361	100
06	18	100	0.00387968	.0536		0.00184106	.0577	100
05	19	100	0.00190777	.0774		0.00250999	.0774	100
08	1	100	0.0397179	.0511	0.0395448	.0633	0.000233396	.0341	100
06	19	100	0.00247653	.0577		0.00288266	.0831	100
05	2	100	0.0138665	.0891		0.0170059	.0736	100
07	10	100	0.000280416	.0512	0.008043	.0668	0.000312197	.0601	100
08	10	100	0.00114158	.0621	0.00433962	.0842	0.0114119	.0641	100
06	2	100	0.000600041	.0624		0.00766607	.0541	100
05	20	100	0.00377459	.0525		0.00408849	.0835	100
07	11	100	0.0242228	.0524	0.0430612	.089	0.0287846	.055	100
06	20	100	0.052151	.0794		0.000651749	.0635	100
05	21	100	0.000623583	.0598		0.000504946	.068	100
08	11	100	0.0511957	.0563	0.0192362	.0798	0.0525576	.0657	100
06	21	100	0.00739304	.0591		0.0162768	.0566	100
05	22	100	0.000270987	.0641		0.0196216	.0554	100
07	12	100	0.0334499	.0549	0.0013497	.0886	0.00082783	.0612	100
08	12	100	0.00359855	.0623	0.0533323	.0519	0.000147973	.0484	100
06	22	100	0.000409781	.0697		0.0194909	.0745	100
05	23	100	0.0170934	.0472		0.0218611	.0806	100
07	13	100	0.0152469	.0608	0.0656441	.0706	0.00161449	.056	100
06	23	100	0.000513711	.0551		0.000965753	.0593	100
08	13	100	0.0054893	.0765	0.0284399	.1224	0.00124811	.0561	100
05	24	100	0.00113013	.0583		0.00154362	.1	100
06	3	100	0.000274252	.0441		4.64248e-05	.0361	100
07	14	100	0.000722121	.0468	0.00287167	.066	0.00209531	.0468	100
05	3	100	0.0484788	.0727		0.0462998	.0777	100
08	14	100	0.000117442	.0453	0.00147461	.0453	8.89398e-05	.0425	100
06	4	100	0.00274433	.0718		0.0027316	.0693	100
05	4	100	0.000493311	.0537		0.000742353	.062	100
07	15	100	0.00229214	.0601	0.000818322	.0673	0.0023815	.0697	100
06	5	100	0.000211163	.0425		0.000632848	.0547	100
08	15	100	0.00321163	.0577	0.00706394	.0701	0.00967167	.0619	100
05	5	100	0.000433093	.0721		0.00051334	.0751	100
07	16	100	0.00283645	.0512	0.0036868	.0725	0.00623928	.0512	100
05	6	100	0.000286745	.0563		4.48024e-05	.0322	100
06	6	100	0.0108023	.0599		0.036631	.0729	100
08	16	100	0.000113667	.0469	0.0175374	.0616	0.000396191	.0616	100
06	7	100	0.000309129	.0425		0.000343881	.0595	100
07	17	100	0.0125127	.0593	0.0128578	.0674	0.012409	.0485	100
05	7	100	0.000323253	.0591		0.00155886	.055	100
06	8	100	0.000215637	.0625		0.0114931	.0781	100
08	17	100	0.00502014	.0541	0.00200944	.0801	5.67787e-05	.0476	100
05	8	100	0.000461105	.056		0.000132297	.0498	100
07	18	100	0.0257439	.0292	0.0300216	.0585	0.000299032	.038	100
06	9	100	0.000100707	.072		0.000837815	.0797	100
05	9	100	0.000557914	.0667		0.000810359	.072	100
08	18	100	0.00137746	.0465	0.0311335	.0749	0.0241578	.0672	100
07	19	100	0.000183764	.0765	0.000130449	.0917	0.000898629	.0917	100
09	0	100	0.000301671	.0411		0.00333538	.0694	100
10	0	100	0.00620813	.0577	0.0170096	.0791	0.00636901	.0556	100
08	19	100	0.0045544	.0644	0.00562607	.0743	0.0145377	.0569	100
09	1	100	0.000931163	.0393		0.000919077	.0517	100
07	2	100	0.000560283	.0311	0.00148938	.056	0.00197094	.0519	100
09	10	100	0.0373915	.0377		0.0372185	.0342	100
08	2	100	0.00173353	.0487	0.00979416	.0637	0.0113813	.0712	100
10	1	100	0.00798281	.0681	0.0175541	.0898	0.00901354	.0743	100
07	20	100	0.000294494	.0465	0.000373723	.0791	0.000186445	.0442	100
09	11	100	0.00144163	.0479		0.0476721	.0639	100
08	20	100	0.000377825	.0671	0.00727087	.0636	0.0140448	.0707	100
10	10	100	0.00164476	.0551	0.00227525	.0826	0.0401085	.0847	100
09	12	100	0.00126901	.0419		0.00127461	.0479	100
07	21	100	0.0262308	.0385	0.000415504	.0649	0.0262003	.0365	100
08	21	100	0.0209788	.0679	0.00352548	.0796	0.00121229	.0703	100
10	11	100	8.33251e-05	.0346	0.0204502	.0484	0.0206605	.0657	100
09	13	100	0.00159182	.0619		0.0424934	.0554	100
07	22	100	0.000165541	.0445	0.0100891	.0572	0.00650749	.0487	100
08	22	100	0.00550232	.0764	0.0130548	.0873	0.0161625	.0873	100
09	14	100	0.0153749	.0545		0.010268	.0629	100
10	12	100	0.000675003	.0437	0.00835018	.0801	0.00118213	.0558	100
07	23	100	0.000490753	.0641	0.00845193	.1282	0.000299225	.0684	100
09	15	100	0.0021444	.0387		0.000267998	.0367	100
08	23	100	0.000778282	.0608	0.00361109	.0608	0.000875181	.0657	100
10	13	100	0.0110989	.078	0.0110197	.0842	0.00910164	.0698	100
09	16	100	0.00174928	.0459		0.00108824	.048	100
07	3	100	0.0014102	.05	0.0178019	.087	0.00114128	.0435	100
08	24	100	0.0692898	.0612	0.0102659	.0863	0.00469776	.0647	100
10	14	100	0.000495085	.0744	0.000969027	.0804	0.000804291	.0625	100
09	17	100	0.00577617	.0449		0.000278244	.0404	100
07	4	100	0.0500356	.0531	0.0052015	.0619	0.0475825	.0465	100
08	25	100	0.00373802	.0557	0.0760413	.0769	0.000337837	.0398	100
09	18	100	0.000439043	.0393		0.000553181	.0544	100
10	15	100	0.000235091	.0537	0.0260528	.0925	0.00868215	.0866	100
07	5	100	0.0993979	.063	0.0607967	.0658	0.0607402	.0658	100
09	19	100	0.000154808	.0324		0.00694114	.0703	100
08	3	100	0.0217858	.0564	0.0478849	.0692	0.0470535	.0564	100
10	16	100	0.000518198	.0605	0.0682666	.0884	0.0192097	.0651	100
09	2	100	0.000977123	.0434		0.000635659	.0318	100
07	6	100	0.00366426	.0521	0.0609614	.0762	0.0595486	.0561	100
08	4	100	0.0219654	.056	0.0146404	.076	0.00669728	.084	100
09	20	100	0.000597352	.0492		0.0290658	.0749	100
10	17	100	0.000154104	.0488	0.000473316	.0701	0.000726665	.0518	100
09	21	100	0.00100631	.0627		0.000452229	.0732	100
07	7	100	0.000129395	.0447	0.0200201	.0711	0.00223691	.0569	100
08	5	100	0.0286602	.0758	0.00870308	.0787	0.0313445	.0758	100
10	18	100	0.00165469	.0543	0.0368733	.0642	0.00011304	.0444	100
09	22	100	0.000836873	.0477		0.000872582	.0453	100
07	8	100	0.000511285	.0493	0.0020947	.0567	0.000434174	.0443	100
08	6	100	0.0371281	.0547	0.00705031	.0843	0.0372589	.0706	100
10	19	100	0.0120439	.0508	0.0010572	.0542	0.0177541	.078	100
09	23	100	0.000111057	.0361		0.00047339	.0541	100
08	7	100	0.00369186	.0604	0.000158495	.0577	0.0188362	.0604	100
07	9	100	0.000374393	.0499	0.000542582	.0733	0.000595379	.0645	100
09	24	100	2.79223e-05	.0469		0.00126003	.0448	100
10	2	100	0.0854349	.06	0.00110474	.0664	0.00258574	.0385	100
09	3	100	0.000396973	.0648		0.0157853	.0622	100
08	8	100	0.00266143	.0461	0.00357245	.0558	0.0027691	.0607	100
10	20	100	0.00222894	.0543	0.00164179	.0703	0.00193336	.0575	100
09	4	100	0.00478039	.0317		0.0390218	.0576	100
08	9	100	0.0325091	.043	0.0017299	.063	0.00117807	.0716	100
10	21	100	0.00226806	.0538	0.00217134	.0683	0.000391923	.0704	100
09	5	100	0.000280706	.0474		0.00516599	.0616	100
09	6	100	0.00264583	.0465		0.00255737	.0491	100
10	22	100	0.000198788	.0548	0.0116749	.089	0.0184872	.0571	100
09	7	100	0.012732	.0527		0.0158273	.0549	100
10	23	100	0.000429704	.0468	0.0279341	.0745	0.0836937	.0702	100
09	8	100	0.000913977	.0574		0.00701878	.083	100
09	9	100	7.39901e-05	.041		0.00146684	.059	100
10	24	100	0.0178807	.0865	0.00908886	.0922	0.00202109	.0807	100
10	25	100	0.0011512	.0443	0.0293244	.1033	0.0209989	.0849	100
10	3	100	0.00800755	.064	0.0108656	.0917	0.00829174	.0661	100
10	4	100	0.00573245	.0736	0.00220195	.0782	0.00319594	.0644	100
10	5	100	3.23548e-05	.0299	0.0147724	.0664	0.0094	.0498	100
10	6	100	0.0112981	.0714	0.0136121	.0911	0.00135075	.0837	100
10	7	100	0.0184295	.0655	0.000244199	.0621	0.0167626	.0793	100
10	8	100	0.000338369	.0428	0.0148585	.0658	0.00163951	.0789	100
10	9	100	0.00110338	.056	0.00345658	.09	0.000235959	.066	100
02	0	100	0.0030854	.0706		0.050465	.08	200
03	0	100	8.23787e-05	.0621		0.0526058	.0721	200
04	0	100	0.000359172	.0538	0.00544286	.0808	0.0058152	.0731	200
01	0	100	0.000385685	.0425	0.000283469	.0392	0.000351282	.0359	200
02	1	100	0.0577526	.0665		0.0422753	.0757	200
03	1	100	0.00568717	.0621		0.0436204	.0828	200
01	1	100	0.00053036	.0774	0.00188456	.0774	0.00194159	.0806	200
04	1	100	2.3414e-05	.0418	0.000803146	.0607	0.00291629	.0669	200
02	10	100	0.0264155	.0596		0.0126967	.0711	200
03	10	100	0.00232549	.0714		0.0088761	.0819	200
01	10	100	0.0232098	.0423	0.0233185	.0587	0.0272403	.061	200
02	11	100	0.0547743	.082		0.00340537	.1038	200
03	11	100	0.00689143	.0725		0.0077932	.0681	200
04	10	100	0.0108029	.0486	0.0121727	.0625	0.00591694	.0833	200
02	12	100	0.00692677	.0649		0.00641669	.0678	200
03	12	100	0.0198056	.0544		0.0286859	.0774	200
01	11	100	0.000327702	.0588	0.0424341	.0722	0.00186107	.0695	200
04	11	100	0.000503121	.0547	0.00828544	.0716	0.000542104	.08	200
02	13	100	0.0160635	.0802		0.00233325	.0702	200
03	13	100	0.00824141	.0409		0.104401	.0603	200
02	14	100	0.00312722	.0703		0.00257432	.0863	200
01	12	100	0.00393963	.0568	0.00395006	.0629	0.0040311	.0629	200
03	14	100	0.00813722	.0476		9.84781e-05	.0635	200
04	12	100	0.00882845	.0365	0.0628546	.0584	0.0109835	.0706	200
02	15	100	0.0127822	.0654		0.0122626	.0748	200
03	15	100	0.0252731	.0743		0.029287	.0718	200
01	13	100	0.0514899	.0449	0.022768	.0599	0.00289405	.0778	200
04	13	100	0.000127601	.0392	0.000985982	.0637	0.00397491	.098	200
02	16	100	0.000341645	.0529		0.00177457	.0661	200
03	16	100	0.00168378	.0683		0.00159726	.087	200
01	14	100	0.00235063	.0474	0.00161455	.0613	0.0274237	.0641	200
04	14	100	0.000722615	.0439	0.00657027	.0485	0.00166465	.0831	200
03	17	100	0.00120004	.059		0.00154137	.0786	200
02	17	100	0.0435967	.0733		0.0100485	.0622	200
01	15	100	8.95114e-05	.022	0.00779676	.0463	0.00802566	.0585	200
03	18	100	0.000455004	.0302		0.003191	.0765	200
02	18	100	0.0165642	.0665		0.00404694	.0734	200
04	15	100	0.023958	.0455	0.0262695	.0795	0.0239334	.0795	200
03	19	100	0.00988987	.0536		0.00883003	.0765	200
02	19	100	0.000643669	.0594		0.00552387	.0879	200
01	16	100	0.00200773	.0509	0.0026719	.0672	0.0134953	.0672	200
04	16	100	0.0487615	.0471	0.0489125	.0615	0.00131667	.0758	200
02	2	100	0.001062	.086		0.0305185	.0887	200
03	2	100	0.00139425	.0613		0.00588372	.0782	200
01	17	100	0.126017	.056	0.0859732	.0826	0.0845933	.0914	200
02	20	100	0.0078556	.0649		0.0038201	.0559	200
04	17	100	0.000915133	.0489	0.000204544	.0574	0.000747388	.066	200
03	20	100	0.00751348	.0698		0.0035751	.0988	200
02	21	100	0.0609376	.0575		0.0150395	.0625	200
01	18	100	0.00637208	.035	0.00413755	.0385	0.00616811	.0629	200
03	21	100	0.0474191	.0462		0.0139213	.0607	200
04	18	100	0.000962662	.0467	0.000952597	.044	0.00395826	.0659	200
02	22	100	0.00412372	.0806		0.00563725	.0722	200
03	22	100	0.000188711	.0662		0.00609215	.0496	200
01	19	100	0.00695839	.0436	0.0273975	.0566	0.0981836	.0871	200
04	19	100	0.000260178	.0384	0.00664158	.0682	0.00406558	.0597	200
02	23	100	0.00545658	.1008		0.000786673	.0743	200
03	23	100	0.0042622	.0568		0.0109816	.0838	200
01	2	100	5.08212e-05	.052	0.00807258	.0693	0.0107025	.0693	200
02	24	100	0.00299921	.0709		0.0147565	.0748	200
04	2	100	0.00222733	.0472	0.0280134	.0613	0.0280491	.0708	200
03	3	100	8.24907e-05	.0401		0.0828687	.0641	200
02	3	100	0.00114491	.0531		0.0286551	.0716	200
03	4	100	0.0216381	.0519		0.0282346	.0838	200
04	20	100	0.0106588	.0488	0.0112941	.0465	0.0353753	.0721	200
01	20	100	0.017366	.0432	0.000286011	.0548	0.0384181	.0692	200
02	4	100	0.0167684	.0575		0.000570378	.0752	200
03	5	100	0.000834217	.0406		0.0340591	.0696	200
02	5	100	0.0201685	.0552		0.019369	.0594	200
04	21	100	0.000696765	.0523	0.000833632	.0744	0.0137559	.0664	200
01	21	100	0.00779754	.0582	0.000808033	.0537	0.0377758	.0761	200
03	6	100	0.00215101	.0559		0.00318682	.0746	200
02	6	100	0.0427368	.0599		0.0396792	.088	200
01	22	100	0.00219048	.055	0.0379365	.0765	0.00198052	.0642	200
03	7	100	0.0542893	.0477		0.0760951	.0651	200
04	22	100	0.0278818	.0578	0.0127163	.0729	0.00853054	.0804	200
02	7	100	0.0185888	.0815		0.0492924	.0951	200
03	8	100	0.00655131	.0429		0.000583302	.0686	200
01	23	100	0.000169108	.0462	0.00794639	.0754	0.00102759	.1046	200
02	8	100	0.0011694	.0604		0.00439841	.0773	200
04	23	100	5.77233e-05	.0374	0.0440885	.0644	0.0238449	.0644	200
03	9	100	0.0675773	.0444		0.0668766	.0385	200
02	9	100	0.0395061	.073		0.012301	.0708	200
01	24	100	0.000233016	.0503	0.00223295	.0591	0.0019601	.0656	200
05	0	100	0.0131267	.0736		0.0181136	.093	200
04	24	100	0.00158996	.0218	0.00141902	.0473	0.00438899	.0582	200
06	0	100	0.0417891	.0587		0.0439781	.0655	200
05	1	100	0.0131288	.0802		0.014492	.0727	200
01	3	100	0.000108487	.0478	0.00429503	.0737	0.000815286	.0677	200
04	3	100	0.0385776	.07	0.0390458	.068	0.00035543	.07	200
06	1	100	0.0204887	.0884		0.00225221	.102	200
05	10	100	0.00121318	.0671		0.000192096	.0805	200
01	4	100	0.00508953	.0523	0.0115813	.0785	0.00748039	.0865	200
04	4	100	0.00051049	.0552	0.00122759	.069	0.000604728	.0724	200
06	10	100	0.000724123	.0353		0.0534866	.0882	200
05	11	100	0.0260125	.0706		0.0238821	.0706	200
05	12	100	0.000178473	.0584		0.000737585	.0663	200
06	11	100	0.0926163	.0697		0.190445	.0742	200
04	5	100	0.000983743	.0451	0.00280836	.0602	0.00530296	.0714	200
01	5	100	0.0196888	.0338	0.0109505	.0518	0.000213679	.0608	200
06	12	100	0.00120104	.0331		0.00115471	.0588	200
05	13	100	6.85154e-05	.055		0.000125536	.065	200
04	6	100	0.0291265	.0623	0.0113381	.0659	0.0118447	.0623	200
01	6	100	5.2514e-05	.0637	0.00423762	.0637	0.0144121	.0588	200
06	13	100	0.00118982	.0515		0.0255805	.0699	200
05	14	100	0.00102783	.0443		0.000651745	.0523	200
01	7	100	3.3007e-05	.0415	0.0723142	.0633	0.0486873	.0699	200
04	7	100	0.000402549	.0443	0.00875032	.0549	0.000971941	.0717	200
06	14	100	0.00360662	.066		0.00445612	.0784	200
05	15	100	0.000878469	.065		0.0100981	.0691	200
06	15	100	0.0372517	.0566		0.0894578	.065	200
05	16	100	9.29919e-05	.0602		0.0134418	.0809	200
01	8	100	0.00816962	.0536	0.0934308	.0689	0.00193967	.0663	200
04	8	100	0.000366702	.0316	0.00655722	.0747	0.00100799	.0632	200
06	16	100	0.00289463	.0729		0.00430215	.0911	200
05	17	100	0.102488	.0728		0.00830398	.0784	200
01	9	100	0.00506538	.0462	0.0328257	.0538	0.0642871	.0641	200
04	9	100	0.00296411	.0347	9.21601e-05	.0347	0.00189797	.0625	200
06	17	100	0.00403693	.0642		0.025107	.1032	200
05	18	100	0.0496034	.0655		0.0498447	.0806	200
08	0	100	5.77198e-05	.0392		0.000851928	.0693	200
06	18	100	0.0116389	.0887		0.0121904	.0863	200
05	19	100	0.0001133	.0318		0.000482635	.0637	200
07	0	100	0.0058806	.0612	0.0463574	.1097	0.00496286	.0591	200
08	1	100	0.03292	.0659		0.0343121	.0917	200
06	19	100	0.00111772	.0531		0.0179476	.0786	200
05	2	100	0.0187046	.0579		0.00609896	.0723	200
08	10	100	0.0130885	.0726		0.00686041	.063	200
07	1	100	0.000435034	.0617	0.00267613	.1064	0.00426093	.0638	200
06	2	100	0.00672045	.0587		0.012574	.081	200
05	20	100	0.0152624	.0769		0.0160324	.0799	200
08	11	100	0.0101501	.0741		0.0221814	.0667	200
07	10	100	0.00110241	.0621	0.00875227	.1289	0.00328882	.074	200
06	20	100	0.000419504	.0574		0.0113788	.0789	200
05	21	100	0.0143328	.0755		0.00793415	.0695	200
08	12	100	0.00544646	.0775		0.00235949	.0823	200
05	22	100	0.00029874	.0554		0.0163743	.076	200
08	13	100	0.00126188	.0726		0.002461	.0796	200
06	21	100	0.00255395	.0647		0.110561	.0796	200
07	11	100	0.000613353	.0349	0.0265509	.0581	0.000930753	.0407	200
05	23	100	0.0215672	.0605		0.0368293	.0814	200
08	14	100	0.000716972	.0577		0.0135552	.0551	200
06	22	100	0.000244807	.06		0.0175931	.086	200
07	12	100	0.00230897	.0584	0.0545573	.0812	0.0533961	.0736	200
05	24	100	0.000563122	.0429		0.000977424	.0643	200
08	15	100	0.00925812	.078		0.0131782	.0887	200
06	23	100	0.00113619	.0658		0.0393713	.0975	200
05	3	100	0.0019785	.0676		0.000213266	.0608	200
07	13	100	0.00270427	.0478	0.0233811	.0826	0.0112193	.0696	200
08	16	100	0.0529115	.0535		0.0301417	.0511	200
06	24	100	0.0225993	.0652		0.0240009	.0978	200
05	4	100	0.0132657	.0578		0.000793574	.0657	200
06	3	100	0.0347837	.0651		0.0446847	.1042	200
08	17	100	0.080292	.0855		0.0227779	.0826	200
07	14	100	0.00318627	.0448	0.0383459	.055	0.0025269	.0489	200
05	5	100	0.00876177	.0652		0.00800714	.0672	200
06	4	100	0.000366183	.045		0.0117751	.0847	200
08	18	100	0.00748473	.0498		0.00896774	.093	200
05	6	100	0.0561052	.0681		0.0638963	.0945	200
06	5	100	0.0200636	.0676		0.0474414	.0873	200
07	15	100	0.103559	.0658	0.0555981	.0877	0.0875014	.0822	200
08	19	100	0.0100586	.0723		0.00363596	.0747	200
05	7	100	0.0323677	.0828		0.120245	.0924	200
06	6	100	0.000526969	.0797		0.0229993	.0951	200
08	2	100	0.0148026	.09		0.0194289	.0825	200
07	16	100	0.00176529	.0681	0.115597	.0882	0.0603035	.0842	200
05	8	100	0.000171867	.0517		0.00984413	.0625	200
08	20	100	0.0462318	.0585		0.0492491	.0752	200
06	7	100	0.0839936	.0602		0.00807158	.0685	200
05	9	100	0.000263804	.0563		0.00157486	.0634	200
07	17	100	0.000923065	.0532	0.00226426	.0532	0.00106137	.0687	200
08	21	100	0.00514978	.0577		0.0200471	.0619	200
06	8	100	0.033944	.038		0.00492383	.0713	200
09	0	100	0.0420208	.0326		0.04267	.0521	200
08	22	100	0.0115139	.0587		0.0105631	.0612	200
07	18	100	0.0499187	.0529	0.00472918	.0727	0.0488735	.0661	200
06	9	100	0.0323313	.0747		0.0674928	.096	200
09	1	100	0.0356543	.0587		0.0113684	.0734	200
08	23	100	0.000176617	.0387		0.00219864	.0654	200
07	19	100	0.000799782	.0608	0.000851285	.0912	0.000953462	.0699	200
09	10	100	0.000150346	.0314		0.00758747	.0801	200
10	0	100	0.0210538	.0498	0.00484643	.0565	0.00750199	.0532	200
08	24	100	0.000834229	.0601		0.00418304	.0601	200
09	11	100	5.30597e-05	.0382		0.00106525	.0692	200
07	2	100	0.00479597	.0705	0.0131398	.0929	0.00510855	.0449	200
08	25	100	0.00352468	.0642		0.00588343	.0535	200
10	1	100	0.000319992	.0542	0.0094582	.1084	0.00973687	.1084	200
09	12	100	0.000847522	.0491		0.000550234	.052	200
08	3	100	0.0385371	.0599		0.0420589	.0669	200
07	20	100	0.0128911	.0491	0.0277994	.0583	0.0272421	.0613	200
10	10	100	0.00106394	.0733	0.0527873	.09	0.00224387	.08	200
09	13	100	0.013918	.0527		0.0036123	.0633	200
08	4	100	0.00337164	.0662		0.0102449	.0927	200
07	21	100	0.01957	.051	0.00874829	.0807	0.00613236	.0552	200
09	14	100	9.66886e-05	.0466		0.0234208	.0881	200
10	11	100	0.0277118	.0668	0.00633231	.1123	0.00483227	.0775	200
08	5	100	0.00050054	.0621		0.00363054	.0641	200
07	22	100	0.00367253	.0474	0.111249	.078	0.0036314	.0669	200
09	15	100	0.00502356	.0346		0.00363765	.0663	200
08	6	100	0.00408977	.0644		0.00259303	.056	200
10	12	100	0.0188584	.0561	0.0892696	.0818	0.0221349	.0678	200
09	16	100	0.000987971	.0403		0.00214873	.0592	200
07	23	100	0.045001	.0662	0.0417549	.0767	0.0463851	.0592	200
08	7	100	0.0179932	.0564		0.0172151	.0692	200
09	17	100	0.000184873	.0594		0.00262892	.0724	200
10	13	100	0.000317139	.0671	0.0011696	.0915	0.00654372	.0701	200
07	24	100	0.0658283	.0964	0.0719013	.1165	0.0198491	.0924	200
08	8	100	0.00524293	.0787		0.000133365	.0735	200
09	18	100	0.00103889	.0511		0.00444437	.0702	200
10	14	100	0.00584268	.0519	0.0212759	.0864	0.00198174	.0444	200
08	9	100	0.0422691	.0683		0.0154515	.0774	200
07	3	100	7.3222e-05	.0439	0.00156798	.0936	0.0176654	.0614	200
09	19	100	0.00118963	.0446		0.00129621	.0573	200
10	15	100	0.0125533	.0513	0.00658569	.062	0.0067602	.0641	200
09	2	100	0.000424839	.0509		0.000979525	.0509	200
07	4	100	0.000370419	.0557	0.000618051	.0757	0.0195868	.0713	200
09	20	100	0.023925	.0519		0.00280417	.0677	200
10	16	100	0.00317524	.0707	0.0156863	.0899	0.00965994	.0771	200
07	5	100	0.0685408	.0593	0.0733921	.0696	0.0681143	.0515	200
09	21	100	0.03765	.0607		0.043929	.0511	200
10	17	100	0.00864589	.0867	0.0030817	.1098	0.00284586	.1012	200
07	6	100	0.0126048	.0782	0.0148157	.0889	0.0141207	.0701	200
09	22	100	0.000261453	.0461		0.000442811	.0724	200
10	18	100	0.031369	.0378	0.0318274	.0756	0.0313607	.0447	200
09	23	100	0.0018334	.0419		0.00373098	.0782	200
07	7	100	3.23025e-05	.0609	0.0591124	.0813	0.00424556	.0677	200
10	19	100	0.000779246	.0479	0.00169492	.0511	0.0161297	.1054	200
09	24	100	5.65072e-05	.0378		0.00304195	.0588	200
07	8	100	3.13771e-05	.0365	0.00244522	.0527	9.98357e-05	.0446	200
09	3	100	0.000591288	.041		0.00140494	.0744	200
10	2	100	0.00680025	.0552	0.0237607	.0828	0.0197246	.0828	200
09	4	100	0.00469514	.0479		0.043535	.0685	200
07	9	100	1.93996e-05	.0419	0.00156741	.0698	0.000115171	.0605	200
10	20	100	0.0104997	.0542	0.0145652	.0943	0.00495037	.0849	200
09	5	100	0.000900167	.0289		0.00106302	.0579	200
10	21	100	0.011074	.058	0.00508927	.1097	0.0149548	.0994	200
09	6	100	0.000326025	.0488		0.000253117	.054	200
09	7	100	0.000227086	.0567		0.00115039	.0722	200
10	22	100	0.0280324	.0459	0.0183729	.0611	0.0111704	.0852	200
09	8	100	0.000682137	.0459		0.00928582	.0595	200
10	23	100	0.0122432	.068	0.00100432	.1036	0.0130054	.0888	200
09	9	100	0.00732858	.0562		0.0385407	.0913	200
10	24	100	0.00663303	.0843	0.0285548	.1114	0.0548719	.0904	200
10	25	100	0.00194437	.0598	0.0078124	.0701	0.00532688	.0825	200
10	3	100	0.00221208	.07	0.00906012	.082	0.00503776	.08	200
10	4	100	0.0350424	.072	0.054214	.0996	0.00680387	.0975	200
10	5	100	0.00338594	.0757	0.018164	.0757	0.0168083	.0987	200
10	6	100	0.0197656	.0588	0.0204752	.0588	0.0222414	.0761	200
10	7	100	0.0158488	.0461	0.0089778	.0728	0.00167855	.051	200
10	8	100	0.00936906	.0569	0.0173972	.1077	0.0138969	.0793	200
10	9	100	0.031003	.0381	0.0246877	.0599	0.0235757	.0736	200
01	0	100	0.000447493	.0806		0.00163313	.0839	300
02	0	100	0.000576691	.0743		0.0582373	.1034	300
03	0	100	0.0342792	.0771		0.0336087	.0971	300
04	0	100	0.000738663	.033		0.00468315	.0467	300
02	1	100	0.000525659	.0531		0.0187061	.0774	300
03	1	100	0.0216617	.0641		0.00472965	.1093	300
01	1	100	0.0159951	.0594		0.00861373	.0743	300
04	1	100	0.00375622	.0382		0.00230696	.0604	300
02	10	100	0.0217407	.0925		0.0432966	.0881	300
03	10	100	0.0705897	.0586		0.0762818	.0707	300
01	10	100	0.00365486	.0608		0.00239485	.0586	300
04	10	100	0.000991307	.0513		0.0510271	.0879	300
02	11	100	0.0340912	.0915		0.0434126	.1092	300
01	11	100	0.000682313	.0466		0.0279986	.0833	300
04	11	100	0.00806776	.0491		0.000772499	.0835	300
03	11	100	0.0323024	.0559		0.0331977	.0725	300
02	12	100	0.0199592	.0842		0.0316054	.1005	300
04	12	100	0.000274629	.0489		0.00211768	.0747	300
01	12	100	0.0616622	.0659		0.0427709	.0857	300
03	12	100	0.000131619	.0485		0.00233428	.0759	300
02	13	100	0.00272775	.0725		0.0113197	.0821	300
04	13	100	0.0039247	.0517		0.0022003	.0594	300
01	13	100	0.00106266	.0379		0.0523654	.0655	300
03	13	100	0.000966827	.0698		0.00104717	.0788	300
02	14	100	0.00820015	.0767		0.0567318	.0706	300
04	14	100	0.0776661	.0625		0.0456707	.0875	300
01	14	100	0.00192909	.0612		0.00577165	.0816	300
03	14	100	0.0646153	.0986		0.0248435	.0986	300
02	15	100	0.0879507	.0863		0.024399	.0951	300
04	15	100	0.0062252	.0547		0.00526274	.08	300
01	15	100	8.58032e-05	.0359		0.0373282	.0615	300
03	15	100	0.0467788	.0446		0.000673935	.0714	300
02	16	100	0.0619208	.0552		0.0659044	.0654	300
04	16	100	3.91354e-05	.0475		0.000826553	.1013	300
01	16	100	0.00126687	.054		0.0259059	.0681	300
03	16	100	0.024574	.0718		0.00103588	.0941	300
02	17	100	0.00211727	.069		0.00805539	.0862	300
01	17	100	0.071407	.0564		0.0361472	.0979	300
04	17	100	0.051245	.0517		0.0249013	.0954	300
03	17	100	0.0109014	.0471		0.102589	.0578	300
02	18	100	0.030839	.0956		0.00699539	.0929	300
01	18	100	0.0004923	.0429		0.0758081	.08	300
04	18	100	0.000586264	.0419		0.0106418	.0744	300
03	18	100	0.00188876	.0381		0.000407589	.0762	300
02	19	100	0.000948901	.0627		0.000377642	.0852	300
01	19	100	0.00464294	.0588		0.000684823	.0751	300
04	19	100	0.00872766	.0386		0.0249975	.0705	300
03	19	100	0.0552045	.0749		0.0963881	.0947	300
02	2	100	0.0496875	.0847		0.0567973	.0871	300
01	2	100	0.0125809	.0598		0.045358	.0797	300
04	2	100	0.000703905	.0565		0.0149288	.0806	300
03	2	100	0.0475519	.0586		0.0639496	.0846	300
02	20	100	0.000255657	.0607		0.0371198	.0735	300
01	20	100	0.000707422	.0389		0.0568046	.0689	300
03	20	100	0.0817787	.0763		0.0794403	.1024	300
04	20	100	0.0594082	.0615		0.0505976	.0861	300
02	21	100	0.0604055	.0771		0.0211554	.0771	300
01	21	100	0.000662645	.0521		0.0634739	.0859	300
03	21	100	0.00544161	.0487		0.00509433	.0714	300
04	21	100	0.0199642	.0507		0.000635772	.0655	300
02	22	100	0.0463807	.0807		0.109419	.0852	300
01	22	100	0.0386721	.0446		0.0391015	.078	300
03	22	100	0.0728692	.0762		0.00816942	.0859	300
04	22	100	0.00915478	.0535		0.0401044	.0953	300
02	23	100	0.0475733	.0849		0.00238767	.0755	300
01	23	100	0.0484028	.0699		0.0299913	.089	300
03	23	100	0.00398597	.0777		0.0122581	.1036	300
04	23	100	0.00672587	.0486		0.0391612	.0729	300
02	24	100	0.028556	.0598		0.0353113	.0791	300
01	24	100	0.0346369	.0441		0.000712568	.0809	300
03	3	100	0.0198116	.0621		0.00849984	.0762	300
04	24	100	0.0150266	.0428		0.0189206	.0707	300
02	3	100	0.0399862	.0883		0.0666273	.0707	300
01	3	100	0.00940094	.0578		0.0121283	.0905	300
03	4	100	0.00274274	.0499		0.0203182	.0798	300
04	3	100	0.00150629	.0591		0.179401	.0995	300
02	4	100	0.0715158	.0742		0.114311	.0989	300
01	4	100	0.0047177	.0649		0.00662736	.0671	300
03	5	100	0.0108623	.0567		0.0130149	.085	300
04	4	100	0.000821844	.0618		0.000850291	.0849	300
02	5	100	0.0149028	.0945		0.0136437	.0735	300
01	5	100	0.068345	.0515		0.0582308	.0815	300
03	6	100	0.000667677	.0475		0.0151977	.0855	300
04	5	100	0.000757295	.0544		0.000424734	.0669	300
02	6	100	0.00638942	.0874		0.00195044	.0966	300
01	6	100	0.000265377	.0425		0.00977239	.0882	300
03	7	100	0.0929272	.0722		0.103398	.0882	300
04	6	100	0.0231076	.0378		0.000608371	.0619	300
02	7	100	0.00101622	.062		0.0199044	.0904	300
01	7	100	0.0224966	.0521		0.11826	.0771	300
04	7	100	0.00481212	.0492		0.00627881	.0682	300
03	8	100	0.0260065	.0596		0.0247949	.1003	300
02	8	100	0.0116712	.076		0.00510059	.0714	300
01	8	100	0.0102199	.0526		0.0540547	.0803	300
03	9	100	0.0731555	.0704		0.0528729	.0946	300
04	8	100	0.000257077	.0522		0.0600203	.0663	300
02	9	100	0.022981	.0625		0.0682268	.0625	300
01	9	100	0.00680305	.0684		0.0182505	.0865	300
05	0	100	0.000597378	.0765		0.00151648	.1062	300
06	0	100	0.129069	.0846		0.00759378	.0752	300
04	9	100	0.000757774	.0469		0.00184828	.0775	300
07	0	100	0.0562165	.0625		0.0615936	.0682	300
06	1	100	0.0204183	.0969		0.0848872	.0922	300
08	0	100	0.0220434	.0682		0.0218964	.084	300
05	1	100	0.0379808	.0725		0.0638311	.0807	300
07	1	100	0.000279949	.0579		0.0125753	.0713	300
06	10	100	0.00080192	.0478		0.00245525	.0735	300
08	1	100	0.0757447	.0501		0.0691548	.0752	300
05	10	100	0.000100075	.0589		0.0785647	.1077	300
07	10	100	1.8379e-05	.0385		0.0531099	.071	300
06	11	100	0.0282378	.0764		0.0320501	.1018	300
08	10	100	0.0287384	.0744		0.000435153	.0641	300
05	11	100	0.00033834	.0755		0.0525303	.0825	300
07	11	100	0.00114292	.0545		0.00533913	.0616	300
06	12	100	0.00415624	.0862		0.00650592	.0924	300
08	11	100	0.0172473	.0685		0.00434885	.0827	300
05	12	100	0.00589762	.0602		0.00593942	.0723	300
07	12	100	0.0682737	.0464		0.0707784	.067	300
06	13	100	0.0547374	.0561		0.0845988	.1016	300
08	12	100	0.00162211	.0573		0.00117756	.0745	300
05	13	100	0.0543656	.0769		0.0695693	.0875	300
07	13	100	0.00665286	.0647		0.0363477	.0997	300
06	14	100	0.0145697	.0619		0.0128485	.0887	300
08	13	100	0.0322687	.102		0.017252	.0878	300
05	14	100	0.000396455	.051		0.00154473	.0701	300
07	14	100	0.00259541	.0468		0.028714	.0497	300
06	15	100	0.00935864	.066		0.0347947	.0755	300
08	14	100	0.0536606	.0826		0.0257292	.0969	300
05	15	100	0.0144112	.0649		0.0117893	.1135	300
07	15	100	0.0403332	.074		0.0265412	.0621	300
06	16	100	0.0851042	.0619		0.0945211	.0817	300
08	15	100	0.0579576	.0616		0.057324	.0788	300
05	16	100	0.00168708	.0625		0.0178519	.0733	300
07	16	100	0.000203377	.0785		0.000165791	.0785	300
08	16	100	0.0804836	.0746		0.026008	.0951	300
06	17	100	0.00413442	.0691		0.00413302	.106	300
05	17	100	0.0269462	.0575		0.0431358	.0875	300
07	17	100	0.0100719	.0314		0.0137525	.0597	300
06	18	100	0.0224934	.0772		0.0533146	.0752	300
05	18	100	0.000350671	.0694		0.038159	.1028	300
08	17	100	0.0250037	.0995		0.00900687	.0714	300
07	18	100	0.0485249	.0916		0.0923985	.0942	300
06	19	100	0.0130042	.0769		0.0170893	.0995	300
05	19	100	0.000193793	.0663		0.000555575	.0849	300
08	18	100	0.0349697	.0493		0.0468292	.0664	300
07	19	100	0.0024963	.0549		0.037948	.0696	300
08	19	100	0.0149829	.0912		0.0340757	.0912	300
06	2	100	0.05846	.0763		0.00560879	.0843	300
05	2	100	0.000863991	.0597		0.00315166	.0996	300
07	2	100	0.00441603	.0566		0.00746361	.0763	300
05	20	100	0.0286211	.0881		0.00913319	.1174	300
06	20	100	0.0218438	.0833		0.00999001	.068	300
08	2	100	0.00269124	.0924		0.0235369	.0944	300
07	20	100	0.0635503	.0584		0.0916543	.0973	300
06	21	100	0.00224575	.0932		0.00462509	.0996	300
08	20	100	0.00114865	.0678		0.00427051	.0819	300
05	21	100	0.00139867	.0626		0.015556	.1007	300
07	21	100	0.0808925	.0604		0.0330644	.0824	300
06	22	100	0.00949131	.0776		0.0288876	.0985	300
08	21	100	0.00140555	.0726		0.0024128	.0937	300
05	22	100	0.00457189	.0816		0.0498976	.0997	300
07	22	100	0.0245036	.0602		0.0247342	.0769	300
06	23	100	0.000755087	.0667		0.0119575	.1026	300
08	22	100	0.00729385	.0598		0.0083287	.0565	300
05	23	100	0.0183907	.0731		0.0178908	.0849	300
07	23	100	0.00168556	.0706		0.00589284	.0766	300
06	24	100	0.000888833	.0881		0.0601957	.1101	300
07	24	100	0.00614925	.0695		0.00487546	.0695	300
08	23	100	0.0578748	.072		0.000809216	.088	300
05	3	100	0.0436746	.0858		0.0013019	.0789	300
06	3	100	0.00443888	.0398		0.14273	.0795	300
08	24	100	0.00201569	.0726		0.00196983	.0914	300
07	3	100	0.0893454	.063		0.103118	.0712	300
05	4	100	0.0356825	.0818		0.0783726	.0955	300
06	4	100	0.026853	.0701		0.0512038	.1351	300
08	25	100	0.0094287	.0844		0.00215991	.0719	300
07	4	100	0.0155486	.0581		0.0580399	.0641	300
05	5	100	0.00124123	.0901		0.0193587	.0991	300
06	5	100	0.0756103	.0772		0.0808049	.1098	300
08	3	100	0.00939468	.0694		0.0231054	.0837	300
05	6	100	0.000811198	.0657		0.0673562	.0779	300
07	5	100	0.00137504	.056		0.0394925	.0519	300
06	6	100	0.0270598	.0754		0.033066	.0854	300
08	4	100	0.049055	.0718		0.109545	.0744	300
07	6	100	0.00216713	.0543		0.00143834	.0717	300
05	7	100	0.00673573	.0716		0.00714414	.0716	300
06	7	100	0.000308156	.1037		0.00133456	.1077	300
08	5	100	0.014734	.0746		0.0193117	.0846	300
07	7	100	0.00474096	.0509		0.000827843	.0575	300
05	8	100	0.0082839	.0535		0.0151434	.0989	300
06	8	100	0.00848031	.0587		0.0137019	.1148	300
08	6	100	0.000449568	.0711		0.00573662	.0735	300
07	8	100	0.000224512	.0419		0.0148662	.064	300
05	9	100	0.00185098	.0601		0.0105665	.0815	300
06	9	100	0.0930785	.085		0.174832	.0828	300
08	7	100	0.016926	.0558		0.00224188	.0609	300
07	9	100	0.000148725	.0599		0.00116642	.0798	300
09	0	100	0.000149646	.0496		0.00111317	.064	300
08	8	100	0.0324877	.0722		0.0905302	.1031	300
10	0	100	0.000165613	.048		0.000312986	.074	300
09	1	100	0.00360809	.0386		0.0220598	.0874	300
08	9	100	0.0177893	.0704		0.0183736	.0762	300
10	1	100	0.00208161	.0593		0.0682988	.0805	300
09	10	100	0.000588879	.0564		0.00914861	.0769	300
10	10	100	0.000888374	.0471		0.0232576	.0942	300
09	11	100	0.0398934	.0479		0.0477912	.0616	300
10	11	100	0.000677834	.0809		0.00340407	.0867	300
09	12	100	0.00069034	.0456		0.0526684	.0847	300
10	12	100	0.0489024	.1036		0.00112107	.074	300
09	13	100	0.00288804	.0377		0.0085301	.0797	300
10	13	100	0.000159985	.0351		0.00100337	.0607	300
09	14	100	0.0016021	.0346		0.0279191	.0611	300
10	14	100	0.0128826	.0576		0.0199818	.0899	300
09	15	100	0.0250208	.0486		0.0222508	.0614	300
10	15	100	0.000205866	.0428		0.0730917	.0685	300
09	16	100	7.52939e-05	.0519		0.00287684	.0758	300
10	16	100	0.0200361	.065		0.0130052	.0833	300
09	17	100	0.015723	.0542		0.00361081	.0609	300
10	17	100	0.0184967	.078		0.0088935	.0927	300
09	18	100	0.0286094	.0497		0.030998	.0628	300
10	18	100	0.00103544	.0841		0.140992	.0981	300
09	19	100	0.0134381	.0544		0.000554923	.0604	300
10	19	100	0.0210127	.087		0.0128842	.0973	300
09	2	100	0.00320024	.0438		0.00332246	.0722	300
10	2	100	0.075956	.0757		0.0183458	.1283	300
09	20	100	0.00383127	.0418		0.00420605	.0801	300
10	20	100	0.00222577	.0727		0.0285756	.1121	300
09	21	100	0.0861737	.0572		0.0633849	.0763	300
10	21	100	0.0123785	.0655		0.0123099	.0714	300
09	22	100	0.0115928	.0824		0.0294614	.0871	300
10	22	100	0.00689047	.0645		0.0380804	.0839	300
09	23	100	0.000477781	.042		0.00102003	.074	300
10	23	100	0.00148792	.0463		0.00405607	.0547	300
09	24	100	0.0168389	.0346		0.0104447	.0969	300
10	24	100	0.0115431	.0473		0.0260857	.0925	300
09	3	100	0.0121862	.0434		0.012861	.078	300
10	25	100	0.000503159	.0412		0.0130898	.0412	300
09	4	100	0.00536445	.0531		0.000892757	.1061	300
10	3	100	0.00104517	.0675		0.00186752	.0836	300
09	5	100	0.0361008	.0432		0.0452533	.0692	300
10	4	100	0.000360971	.069		0.00990135	.0936	300
09	6	100	0.000869434	.0418		0.0273851	.0905	300
10	5	100	0.0394349	.0498		0.0141227	.0797	300
09	7	100	0.00640952	.0439		0.0441188	.0775	300
10	6	100	0.0273629	.0586		0.0289923	.1034	300
10	7	100	0.000644703	.0671		0.00886395	.064	300
09	8	100	0.0103391	.0527		0.0164163	.0654	300
10	8	100	0.0153727	.0593		0.00466391	.0938	300
09	9	100	0.000378632	.0553		0.00257187	.0681	300
10	9	100	0.0143021	.056		0.0158807	.0706	300
02	0	100	0.060408	.0844		0.00892842	.0736	400
01	0	100	0.00716809	.0602		0.00880758	.0823	400
03	0	100	0.027693	.0742		0.00152887	.0887	400
04	0	100	0.0475575	.0482		0.0533471	.1004	400
02	1	100	0.0524273	.0698		0.124643	.0901	400
04	1	100	0.0116493	.0706		0.0981214	.0894	400
01	1	100	0.0658994	.0652		0.0657392	.0876	400
03	1	100	0.00247589	.065		0.0130632	.1048	400
02	10	100	0.0229507	.0779		0.0198156	.0779	400
01	10	100	0.0086314	.0669		0.0120387	.1058	400
04	10	100	0.125491	.0719		0.164795	.0903	400
03	10	100	0.0674211	.0849		0.0291673	.0849	400
02	11	100	0.0337185	.102		0.00487325	.0921	400
01	11	100	0.05799	.0585		0.0383027	.0683	400
04	11	100	0.0112614	.0515		0.000744994	.1057	400
03	11	100	0.0172909	.073		0.0517956	.0998	400
02	12	100	0.0418308	.0856		0.0174113	.0581	400
04	12	100	0.0243186	.055		0.0250353	.0928	400
01	12	100	0.0254918	.0765		0.0185009	.0885	400
03	12	100	0.0617973	.0826		0.0955612	.0957	400
02	13	100	0.00292769	.1113		0.0767344	.0931	400
04	13	100	0.00412969	.0582		0.0448031	.0803	400
01	13	100	0.0616898	.08		0.0439863	.1075	400
03	13	100	0.0527441	.086		0.0534952	.1057	400
02	14	100	0.000234382	.0776		0.0559357	.1035	400
01	14	100	0.000469629	.0645		0.0161865	.0903	400
04	14	100	0.0272416	.0516		0.0279838	.0657	400
03	14	100	0.00646542	.0385		0.0159349	.0919	400
02	15	100	0.0611311	.073		0.0494423	.0949	400
01	15	100	0.0208612	.0773		0.01115	.1047	400
04	15	100	0.00282844	.0772		0.00252937	.0965	400
03	15	100	0.0254808	.0826		0.045267	.1185	400
02	16	100	0.0493621	.1016		0.0213868	.112	400
01	16	100	0.0185564	.0657		0.0198842	.0817	400
04	16	100	0.00145468	.0657		0.0015905	.0822	400
03	16	100	0.0255402	.0592		0.0836443	.068	400
02	17	100	0.00449577	.1021		0.00179549	.0838	400
04	17	100	0.0147749	.0644		0.00331858	.0947	400
01	17	100	0.00785876	.0638		0.0146401	.1125	400
03	17	100	0.0395729	.0806		0.0275751	.0972	400
02	18	100	0.00115389	.0941		0.00334731	.086	400
04	18	100	0.0441481	.0927		0.0281763	.0948	400
01	18	100	0.0550437	.0853		0.0739371	.1106	400
03	18	100	0.0330808	.1146		0.0941129	.0955	400
02	19	100	0.0279306	.1489		0.0153367	.1064	400
01	19	100	0.000454711	.049		0.0134634	.1013	400
04	19	100	0.0209423	.0818		0.0118779	.1002	400
03	19	100	0.0225503	.0644		0.0696128	.0885	400
02	2	100	0.0631847	.104		0.0157981	.0956	400
01	2	100	0.013924	.0538		0.0205293	.1002	400
04	2	100	0.000803833	.0605		0.0939173	.0766	400
03	2	100	0.00763053	.0686		0.000570933	.0829	400
02	20	100	0.116694	.0989		0.058118	.1011	400
01	20	100	0.00481009	.0844		0.0397898	.0906	400
04	20	100	0.00831157	.0519		0.00650138	.072	400
03	20	100	0.0869358	.0771		0.0194758	.0888	400
02	21	100	0.0240561	.0818		0.127253	.0794	400
04	21	100	0.0055349	.0549		0.00568939	.0823	400
01	21	100	0.00349915	.0611		0.0832792	.1004	400
03	21	100	0.0870471	.0963		0.0295887	.0882	400
02	22	100	0.0396699	.1413		0.0918811	.1349	400
01	22	100	0.0493489	.0878		0.0101154	.0927	400
04	22	100	0.0492926	.0593		0.0551441	.0763	400
03	22	100	0.0932601	.078		0.106576	.1344	400
02	23	100	0.0170609	.0809		0.0176506	.0931	400
01	23	100	0.0134174	.0601		0.0653729	.1069	400
04	23	100	0.0174374	.049		0.0563594	.1144	400
03	23	100	0.00386203	.0806		0.0136569	.0948	400
02	24	100	0.00289344	.0993		0.00288133	.1348	400
04	24	100	0.00270651	.0255		0.0426474	.034	400
03	3	100	0.0319411	.0657		0.00543655	.0943	400
01	24	100	0.0363982	.0583		0.0677009	.0644	400
02	3	100	0.0476744	.0793		0.00587337	.0986	400
04	3	100	0.000877993	.0357		0.0051913	.0714	400
03	4	100	0.0149796	.0966		0.0128752	.1135	400
01	3	100	0.0329145	.06		0.0410987	.0863	400
02	4	100	0.0880386	.1036		0.0937964	.1166	400
04	4	100	0.015845	.0576		0.0163757	.081	400
01	4	100	0.0075951	.0459		0.0106004	.0816	400
03	5	100	0.0616158	.0731		0.0393853	.1032	400
02	5	100	0.0222988	.1073		0.0409714	.1309	400
04	5	100	0.0626208	.0759		0.0626823	.1076	400
01	5	100	0.05861	.0462		0.0384482	.0974	400
03	6	100	0.0124663	.0971		0.0184496	.1	400
02	6	100	0.0330433	.089		0.0271485	.0785	400
04	6	100	0.00602392	.0779		0.00251549	.0821	400
01	6	100	0.0106162	.0515		0.0281281	.0984	400
03	7	100	0.110051	.0839		0.0352609	.104	400
02	7	100	0.0158324	.0656		0.0258901	.0747	400
04	7	100	0.0246941	.0702		0.0624443	.1211	400
01	7	100	0.0978673	.0571		0.0774227	.0914	400
03	8	100	0.0313279	.0723		0.0286949	.0992	400
02	8	100	0.0791821	.1071		0.0813465	.0985	400
04	8	100	0.0158516	.0455		0.011186	.0795	400
01	8	100	0.000113606	.0487		0.000808957	.0811	400
03	9	100	0.0120235	.0671		0.0615423	.0985	400
02	9	100	0.0623806	.1206		0.0233792	.0885	400
04	9	100	0.00091857	.0277		0.00237325	.067	400
01	9	100	0.00108273	.0569		0.0247209	.0778	400
05	0	100	0.0425139	.0801		0.045284	.0922	400
06	0	100	0.0608885	.1256		0.0230803	.1087	400
07	0	100	0.0583109	.0703		0.0538356	.1016	400
05	1	100	0.00103625	.0617		0.104717	.0889	400
08	0	100	0.0341988	.0803		0.152768	.1078	400
06	1	100	0.103397	.0944		0.1015	.1211	400
07	1	100	0.0516143	.0699		0.0500426	.0719	400
05	10	100	0.00197588	.0702		0.0323146	.0852	400
08	1	100	0.0303076	.1057		0.0291058	.103	400
06	10	100	0.131391	.0957		0.0460698	.1241	400
07	10	100	0.0144569	.0726		0.0735003	.0887	400
05	11	100	0.000183426	.0763		0.105014	.1079	400
08	10	100	0.00724481	.1078		0.0216285	.1159	400
06	11	100	0.026568	.1169		0.0782389	.1313	400
07	11	100	0.0684544	.0567		0.0722687	.0773	400
05	12	100	0.0689563	.0747		0.0163245	.1006	400
08	11	100	0.237356	.1116		0.134254	.1137	400
06	12	100	0.0640168	.1279		0.0413666	.1209	400
07	12	100	0.0371532	.0503		0.00899233	.0651	400
05	13	100	0.0322955	.0731		0.122612	.1097	400
08	12	100	0.00232684	.0827		0.0122151	.1059	400
06	13	100	0.0424926	.1288		0.0976433	.1147	400
07	13	100	0.0217652	.0619		0.00592395	.0905	400
05	14	100	0.0600436	.0976		0.101371	.1236	400
08	13	100	0.0566327	.086		0.0285939	.0796	400
06	14	100	0.0599451	.1068		0.0303161	.1176	400
07	14	100	0.0105664	.0679		0.0563015	.0849	400
05	15	100	0.0170543	.0601		0.0978068	.0889	400
08	14	100	0.0254154	.0665		0.146164	.0852	400
06	15	100	0.0544747	.1521		0.136545	.1387	400
07	15	100	0.000485118	.0506		0.0254213	.0835	400
05	16	100	0.0526621	.0801		0.135561	.0883	400
08	15	100	0.0313084	.06		0.0323021	.056	400
06	16	100	0.0188591	.1351		0.0116506	.1179	400
07	16	100	0.00233329	.0564		0.0123134	.102	400
05	17	100	0.0239916	.1126		0.0239191	.0991	400
08	16	100	0.0198954	.0788		0.0222853	.103	400
06	17	100	0.0224531	.0838		0.112675	.1186	400
07	17	100	0.00684449	.0551		0.00265214	.0714	400
05	18	100	0.00413425	.0814		0.0450537	.1176	400
08	17	100	0.0125068	.1116		0.00336155	.076	400
06	18	100	0.0190782	.101		0.174509	.1175	400
07	18	100	0.0502463	.0463		0.0602929	.0793	400
05	19	100	0.0107008	.1032		0.0304048	.1175	400
08	18	100	0.0114678	.0608		0.0208845	.0803	400
06	19	100	0.0763864	.116		0.162167	.14	400
07	19	100	0.00734038	.039		0.00364432	.0716	400
05	2	100	0.0456775	.0976		0.0820228	.1108	400
08	19	100	0.0165832	.1023		0.0261441	.1049	400
06	2	100	0.000904621	.1196		0.0282028	.1522	400
07	2	100	0.00651243	.0532		0.00675323	.0936	400
05	20	100	0.00937783	.0925		0.0109856	.105	400
08	2	100	0.0993978	.074		0.0413519	.0791	400
06	20	100	0.0830448	.1557		0.0617615	.1469	400
07	20	100	0.0198926	.0611		0.00455031	.0814	400
05	21	100	0.042908	.0973		0.0697754	.0911	400
06	21	100	0.101904	.0925		0.0151874	.1012	400
08	20	100	0.00140265	.0894		0.00617431	.1159	400
07	21	100	0.0925067	.0849		0.0697526	.0959	400
05	22	100	0.0101103	.0938		0.00474394	.0963	400
06	22	100	0.123494	.1087		0.0830192	.0993	400
08	21	100	0.00966602	.0604		0.0113721	.0892	400
07	22	100	0.102938	.0682		0.0933644	.0994	400
05	23	100	0.039151	.0898		0.0222956	.125	400
06	23	100	0.151841	.0856		0.0352962	.0973	400
08	22	100	0.00857361	.0798		0.0302221	.0767	400
05	3	100	0.0627615	.0444		0.00896645	.073	400
07	23	100	0.0228817	.0682		0.0142924	.0739	400
06	3	100	0.0382594	.1232		0.0266112	.1289	400
08	23	100	0.0483006	.0776		0.0541891	.0959	400
05	4	100	0.000846734	.0604		0.00244387	.0724	400
07	3	100	0.000332705	.0641		0.00460714	.0897	400
08	24	100	0.0105192	.0556		0.0248512	.0625	400
06	4	100	0.238814	.1152		0.184782	.1152	400
05	5	100	0.0663922	.0675		0.0017105	.09	400
07	4	100	0.00317371	.0682		0.0382914	.0909	400
08	3	100	0.0185003	.0892		0.0186884	.0866	400
06	5	100	0.188348	.1288		0.151354	.1245	400
07	5	100	0.000361062	.0499		0.0592927	.0968	400
05	6	100	0.00447862	.0654		0.010431	.0888	400
06	6	100	0.0116277	.1224		0.0787105	.1194	400
08	4	100	0.0571741	.0729		0.0341796	.0774	400
07	6	100	0.000126497	.0535		0.0127734	.0713	400
05	7	100	0.0125831	.0783		0.0171667	.123	400
08	5	100	0.0173011	.0824		0.0412802	.0847	400
06	7	100	0.00495791	.0873		0.00320704	.1032	400
07	7	100	0.000593228	.0587		0.00740196	.0971	400
05	8	100	0.00953168	.0683		0.0348225	.0924	400
08	6	100	0.00142958	.073		0.00476853	.09	400
06	8	100	0.0367673	.0852		0.108367	.1185	400
07	8	100	9.81623e-05	.0629		0.0789281	.0994	400
08	7	100	0.00525963	.0794		0.00521135	.0773	400
05	9	100	0.00143588	.0453		0.0118665	.097	400
06	9	100	0.0201195	.1167		0.015202	.1133	400
07	9	100	2.25634e-05	.0302		0.00592863	.0558	400
08	8	100	0.0361313	.0966		0.0474419	.1018	400
09	0	100	0.0166381	.0705		0.0283371	.1018	400
10	0	100	0.0454476	.065		0.0269371	.0898	400
09	1	100	0.0346513	.0692		0.0451956	.0836	400
08	9	100	0.0752168	.0801		0.0587865	.0947	400
10	1	100	0.0127924	.0692		0.079922	.0818	400
09	10	100	0.00396334	.0463		0.0207468	.0823	400
10	10	100	0.0747086	.083		0.0973333	.0992	400
09	11	100	0.0365306	.0453		0.0751233	.0741	400
10	11	100	0.0155852	.0507		0.0285461	.0845	400
09	12	100	0.00226204	.0591		0.00219435	.0848	400
10	12	100	0.0199217	.0913		0.0173586	.1022	400
09	13	100	0.0119295	.0529		0.0205324	.0913	400
10	13	100	0.000631829	.092		0.109258	.1226	400
09	14	100	0.0179033	.0554		0.0406053	.0883	400
10	14	100	0.0083084	.0708		0.0101016	.088	400
09	15	100	0.000974698	.0539		0.00185045	.0778	400
10	15	100	0.00820894	.0578		0.159581	.0749	400
09	16	100	0.0426223	.0619		0.0753633	.0847	400
10	16	100	0.0263527	.1037		0.0161767	.1095	400
09	17	100	0.0350429	.0503		0.015955	.0922	400
10	17	100	0.0306789	.0515		0.0458117	.0722	400
09	18	100	0.00936305	.0407		0.00931801	.0652	400
10	18	100	0.00130484	.0479		0.0162525	.0799	400
09	19	100	0.0353493	.0591		0.0412641	.0841	400
10	19	100	0.0156501	.0687		0.000635418	.0687	400
09	2	100	0.0187387	.059		0.0053156	.0637	400
10	2	100	0.00164895	.0725		0.0127101	.1002	400
09	20	100	0.106974	.0616		0.0136002	.0701	400
10	20	100	0.00175843	.064		0.00325832	.0854	400
09	21	100	0.0412946	.0563		0.00497118	.0704	400
10	21	100	0.0265869	.0593		0.0076989	.079	400
09	22	100	0.00621182	.0594		0.00769132	.1034	400
10	22	100	0.0209032	.0887		0.00658932	.1113	400
09	23	100	0.00447318	.0677		0.00445365	.0916	400
10	23	100	0.0703444	.0724		0.0885882	.1187	400
09	24	100	0.00433952	.0508		0.0067686	.0678	400
10	24	100	0.0628014	.0821		0.123353	.1045	400
09	3	100	0.0574833	.0675		0.0117463	.0865	400
10	3	100	0.00516642	.0748		0.0125157	.0911	400
09	4	100	0.0082496	.0577		0.0121248	.0962	400
10	4	100	0.00259284	.068		0.00146787	.088	400
09	5	100	0.00127896	.0578		0.0169178	.0607	400
10	5	100	0.0985323	.0658		0.0915111	.1053	400
09	6	100	0.0120301	.072		0.0100822	.0617	400
10	6	100	0.0932038	.0678		0.00866684	.1229	400
09	7	100	0.0105778	.0351		0.0200613	.0676	400
10	7	100	0.0160209	.0862		0.00980171	.0985	400
09	8	100	0.0139839	.0796		0.036066	.1054	400
10	8	100	0.0300771	.0498		0.0239276	.103	400
09	9	100	0.00233424	.0748		0.0124693	.0986	400
10	9	100	0.123244	.07		0.155	.0971	400
04	0	100	0.0834632	.0633		0.0222984	.0854	500
02	0	100	0.117946	.1923		0.0609438	.2012	500
03	0	100	0.373068	.3808		0.304846	.2965	500
01	0	100	0.0753269	.1366		0.108874	.1429	500
01	1	100	0.105665	.1132		0.260281	.1195	500
03	1	100	0.502958	.2866		0.398679	.2343	500
02	1	100	0.0100652	.132		0.0442247	.1517	500
04	1	100	0.0381773	.1111		0.0782479	.1284	500
01	10	100	0.278044	.1618		0.175286	.1681	500
04	10	100	0.045272	.1197		0.0596151	.1356	500
02	10	100	0.128099	.1836		0.128685	.1751	500
03	10	100	0.318539	.2447		0.287247	.2209	500
04	11	100	0.0206925	.12		0.102715	.1455	500
01	11	100	0.0907448	.1643		0.207081	.1714	500
02	11	100	0.206196	.1794		0.0552615	.1734	500
03	11	100	0.34693	.2844		0.261327	.2308	500
01	12	100	0.0673565	.1627		0.0610569	.1657	500
04	12	100	0.0388315	.1012		0.0245192	.1309	500
02	12	100	0.145858	.1953		0.0492894	.1641	500
03	12	100	0.39244	.2708		0.39847	.2279	500
01	13	100	0.185529	.1803		0.172278	.1831	500
04	13	100	0.055083	.1264		0.0738784	.1236	500
02	13	100	0.0911521	.1333		0.119273	.1479	500
03	13	100	0.315713	.312		0.326045	.2455	500
01	14	100	0.138477	.1572		0.0251674	.1626	500
04	14	100	0.0319284	.0708		0.0450901	.0896	500
02	14	100	0.138802	.1557		0.149054	.18	500
03	14	100	0.179109	.2485		0.133254	.1871	500
01	15	100	0.13044	.1038		0.148648	.1612	500
04	15	100	0.109106	.0899		0.0659064	.1386	500
03	15	100	0.468866	.2701		0.435275	.2312	500
02	15	100	0.0814822	.1332		0.0870859	.1213	500
04	16	100	0.034785	.0982		0.0840237	.1509	500
01	16	100	0.110419	.1544		0.124342	.1588	500
03	16	100	0.407783	.2759		0.355287	.2379	500
02	16	100	0.0791058	.1638		0.10859	.1787	500
04	17	100	0.105795	.131		0.107714	.1488	500
01	17	100	0.132691	.1622		0.0547585	.1689	500
03	17	100	0.437564	.3987		0.34003	.2957	500
02	17	100	0.214225	.2482		0.235181	.2064	500
04	18	100	0.105019	.0975		0.0831808	.0975	500
01	18	100	0.199078	.1814		0.115308	.2015	500
03	18	100	0.431987	.4233		0.420379	.3129	500
02	18	100	0.115426	.1453		0.0905053	.1525	500
01	19	100	0.15761	.1439		0.173258	.1591	500
04	19	100	0.112872	.0928		0.193274	.1287	500
03	19	100	0.441981	.2653		0.439268	.2381	500
02	19	100	0.115664	.1353		0.0276993	.1326	500
01	2	100	0.0300929	.1092		0.104082	.1373	500
04	2	100	0.0168056	.1232		0.0143999	.1106	500
03	2	100	0.244119	.2156		0.285538	.1501	500
02	2	100	0.0636066	.1385		0.064061	.1562	500
01	20	100	0.0965153	.1297		0.130297	.1324	500
04	20	100	0.0923078	.1038		0.0535263	.1297	500
03	20	100	0.468559	.3607		0.410677	.2613	500
02	20	100	0.0752258	.2		0.150434	.1581	500
01	21	100	0.00425645	.1318		0.00741783	.1477	500
04	21	100	0.1474	.0997		0.145478	.1228	500
03	21	100	0.291298	.2662		0.216322	.2045	500
01	22	100	0.079548	.2138		0.0603907	.1812	500
02	21	100	0.146612	.1785		0.0812305	.1663	500
04	22	100	0.15621	.0977		0.134304	.1168	500
03	22	100	0.273122	.1857		0.222968	.1777	500
01	23	100	0.0276569	.1013		0.0820873	.1207	500
02	22	100	0.141607	.197		0.215078	.1674	500
04	23	100	0.0782735	.1417		0.0646041	.1337	500
03	23	100	0.523042	.2798		0.456257	.2386	500
01	24	100	0.149842	.1697		0.113714	.1583	500
02	23	100	0.0936086	.2054		0.0533582	.1929	500
04	24	100	0.101096	.1082		0.107745	.1483	500
03	3	100	0.407157	.3615		0.341457	.3074	500
01	25	100	0.0680621	.1671		0.0699294	.1471	500
02	3	100	0.224583	.1542		0.212237	.1608	500
04	25	100	0.140016	.1138		0.0112262	.1504	500
03	4	100	0.509366	.3975		0.398469	.2547	500
01	3	100	0.107696	.162		0.107393	.1937	500
02	4	100	0.133058	.182		0.230988	.1548	500
04	3	100	0.0504225	.1054		0.106971	.1295	500
03	5	100	0.384937	.319		0.393576	.2571	500
01	4	100	0.0257016	.1514		0.0545217	.1444	500
02	5	100	0.0660624	.1541		0.0356909	.148	500
04	4	100	0.124939	.1585		0.0290757	.1499	500
01	5	100	0.109096	.1944		0.0879604	.1701	500
03	6	100	0.200793	.2642		0.206404	.2047	500
02	6	100	0.104686	.1615		0.0747581	.1553	500
04	5	100	0.0305809	.0853		0.0323061	.1147	500
01	6	100	0.137617	.1516		0.0881264	.1733	500
03	7	100	0.424979	.2727		0.352999	.2023	500
02	7	100	0.13268	.2059		0.127289	.1667	500
04	6	100	0.00968071	.1184		0.0359545	.1447	500
01	7	100	0.0736733	.1527		0.149171	.2036	500
03	8	100	0.372801	.1855		0.255484	.1561	500
02	8	100	0.211518	.1904		0.0971318	.1976	500
04	7	100	0.0397251	.1019		0.0417175	.1185	500
01	8	100	0.162778	.1816		0.164616	.1633	500
03	9	100	0.317426	.2635		0.268146	.2427	500
02	9	100	0.0727161	.1537		0.100685	.1637	500
04	8	100	0.0178672	.0946		0.0291142	.1279	500
01	9	100	0.159521	.1206		0.0488452	.1338	500
05	0	100	0.0360934	.1737		0.089192	.1553	500
06	0	100	0.589502	.4358		0.54792	.3442	500
04	9	100	0.00300802	.1009		0.00251904	.1066	500
07	0	100	0.0567299	.0594		0.0820092	.1025	500
05	1	100	0.151636	.1995		0.168452	.1671	500
06	1	100	0.560014	.3716		0.529278	.3463	500
08	0	100	0.281149	.2194		0.174357	.157	500
07	1	100	0.0318468	.0622		0.122833	.1133	500
05	10	100	0.139786	.1951		0.114998	.1704	500
06	10	100	0.489191	.3654		0.509969	.2991	500
08	1	100	0.482067	.3837		0.392712	.2408	500
07	10	100	0.0519526	.1082		0.0356749	.0979	500
05	11	100	0.0847446	.2534		0.138723	.2192	500
06	11	100	0.550864	.4292		0.532054	.3402	500
08	10	100	0.376521	.3242		0.278923	.2594	500
07	11	100	0.00337011	.0859		0.0716378	.1187	500
05	12	100	0.122852	.2112		0.0381513	.1684	500
06	12	100	0.556548	.3781		0.536749	.3134	500
08	11	100	0.398138	.2309		0.272837	.1686	500
07	12	100	0.0505918	.0869		0.0459353	.1047	500
05	13	100	0.154822	.1941		0.148188	.1782	500
06	13	100	0.541474	.4295		0.534459	.3686	500
08	12	100	0.338527	.1779		0.299756	.1174	500
07	13	100	0.0358832	.0709		0.0383691	.0972	500
05	14	100	0.265508	.2677		0.188383	.2082	500
06	14	100	0.512206	.3808		0.481834	.3107	500
08	13	100	0.397453	.3127		0.187294	.2601	500
07	14	100	0.0561126	.0624		0.0655979	.0913	500
05	15	100	0.062398	.2119		0.0766701	.2071	500
06	15	100	0.421282	.3425		0.467111	.2939	500
08	14	100	0.456597	.3109		0.337498	.2087	500
07	15	100	0.0341588	.1371		0.0322923	.1505	500
05	16	100	0.0598127	.1766		0.0797446	.1702	500
06	16	100	0.540047	.3947		0.519473	.3026	500
08	15	100	0.425768	.372		0.367174	.2441	500
07	16	100	0.0997221	.1034		0.139084	.1437	500
05	17	100	0.0354275	.164		0.0862114	.1694	500
06	17	100	0.613128	.4963		0.576188	.3871	500
08	16	100	0.538708	.364		0.446546	.2413	500
07	17	100	0.0134266	.0882		0.0573517	.1071	500
05	18	100	0.0374207	.2114		0.0136117	.1692	500
08	17	100	0.433031	.3675		0.319542	.2279	500
06	18	100	0.609042	.4621		0.593695	.3763	500
07	18	100	0.0372815	.1152		0.100002	.1394	500
05	19	100	0.158326	.2637		0.130025	.2152	500
08	18	100	0.494613	.2727		0.346094	.1937	500
06	19	100	0.623971	.5184		0.613501	.3857	500
07	19	100	0.0120016	.0667		0.0445661	.1218	500
05	2	100	0.136783	.2407		0.0650302	.2134	500
08	19	100	0.495075	.4329		0.424579	.2588	500
06	2	100	0.531753	.3307		0.463961	.2917	500
07	2	100	0.0187857	.0961		0.00309446	.1076	500
05	20	100	0.107524	.1907		0.0427127	.1663	500
08	2	100	0.152672	.1963		0.110774	.1724	500
07	20	100	0.017159	.1009		0.0113867	.0962	500
06	20	100	0.595209	.4892		0.519019	.3735	500
05	21	100	0.307333	.2488		0.249617	.2033	500
08	20	100	0.4176	.3249		0.30489	.1989	500
07	21	100	0.0531073	.0914		0.00775659	.1003	500
06	21	100	0.563281	.4431		0.492774	.3578	500
05	22	100	0.111674	.1813		0.0242967	.1813	500
07	22	100	0.115187	.0915		0.0479932	.1268	500
08	21	100	0.49889	.4079		0.395955	.2632	500
06	22	100	0.548006	.3525		0.528345	.2889	500
05	23	100	0.0847097	.1904		0.0968311	.1603	500
08	22	100	0.314624	.2162		0.208886	.1726	500
07	23	100	0.0433174	.1059		0.0182899	.1123	500
06	3	100	0.460527	.3965		0.430656	.3131	500
05	3	100	0.122571	.1995		0.0956775	.1858	500
08	23	100	0.512739	.3457		0.418309	.2068	500
07	24	100	0.0987369	.0826		0.0639252	.1186	500
06	4	100	0.50264	.434		0.522276	.3343	500
05	4	100	0.0943487	.1838		0.0726689	.179	500
07	25	100	0.00165174	.1013		0.0139469	.1646	500
08	3	100	0.34103	.2767		0.253089	.2248	500
06	5	100	0.511862	.356		0.503831	.2984	500
05	5	100	0.250538	.3015		0.208987	.2186	500
08	4	100	0.367906	.3228		0.26677	.2112	500
07	3	100	0.0664482	.0779		0.0812016	.0854	500
06	6	100	0.339446	.2722		0.324161	.2534	500
05	6	100	0.0404206	.2153		0.102791	.1806	500
08	5	100	0.368672	.3271		0.151062	.2243	500
07	4	100	0.0851668	.1114		0.0518554	.1114	500
06	7	100	0.44926	.3704		0.439512	.3296	500
05	7	100	0.239164	.2398		0.240611	.1972	500
08	6	100	0.135795	.1815		0.0699172	.1354	500
07	5	100	0.0123514	.106		0.052068	.0788	500
06	8	100	0.587902	.3884		0.557296	.3155	500
05	8	100	0.164812	.2401		0.187728	.2277	500
07	6	100	0.0791928	.1134		0.0383741	.1108	500
08	7	100	0.18237	.181		0.133798	.1697	500
06	9	100	0.554581	.3901		0.548895	.3144	500
05	9	100	0.168209	.2198		0.214361	.2123	500
07	7	100	0.0116122	.109		0.0233158	.1538	500
08	8	100	0.371588	.3326		0.234077	.2232	500
09	0	100	0.145411	.1202		0.0256122	.1202	500
10	0	100	0.0501038	.1224		0.157067	.1769	500
07	8	100	0.138481	.0894		0.126693	.1057	500
08	9	100	0.305476	.2473		0.113248	.1951	500
09	1	100	0.102461	.1338		0.102569	.1429	500
07	9	100	0.105673	.092		0.123697	.1258	500
10	1	100	0.0640202	.1352		0.139528	.1153	500
09	10	100	0.0673091	.1036		0.0247877	.1335	500
10	10	100	0.0306682	.1369		0.0119137	.1083	500
09	11	100	0.0674437	.1451		0.0894679	.1481	500
10	11	100	0.0811234	.1302		0.0809453	.1384	500
09	12	100	0.184924	.1522		0.079215	.1522	500
10	12	100	0.00397359	.1142		0.139552	.153	500
09	13	100	0.0500214	.1167		0.0345436	.1556	500
10	13	100	0.058734	.1057		0.201781	.124	500
09	14	100	0.0323062	.1748		0.158348	.1576	500
10	14	100	0.0640047	.1656		0.068552	.1398	500
09	15	100	0.110136	.1387		0.054735	.1547	500
10	15	100	0.0254826	.1509		0.0242741	.1617	500
09	16	100	0.026081	.1538		0.0679714	.1417	500
10	16	100	0.0474516	.1263		0.0617067	.1542	500
09	17	100	0.096868	.1473		0.127834	.1401	500
10	17	100	0.0188206	.1257		0.104369	.1429	500
09	18	100	0.0621601	.1186		0.114544	.1544	500
10	18	100	0.0521507	.1316		0.0440839	.152	500
09	19	100	0.228349	.2158		0.136346	.1464	500
10	19	100	0.032273	.0966		0.0416144	.1287	500
09	2	100	0.0801341	.1467		0.042342	.1533	500
10	2	100	0.0561896	.0882		0.0416946	.1123	500
09	20	100	0.0782716	.1012		0.0693889	.1136	500
10	20	100	0.0159386	.1278		0.119432	.1679	500
09	21	100	0.10795	.1432		0.0462136	.1205	500
10	21	100	0.0469429	.1159		0.00658607	.1189	500
09	22	100	0.0302569	.1235		0.0195854	.1333	500
10	22	100	0.0853504	.1015		0.0491486	.1163	500
09	23	100	0.0344961	.1432		0.0122202	.1485	500
10	23	100	0.0871287	.1667		0.130867	.1667	500
09	3	100	0.0246274	.0932		0.0280125	.1234	500
10	24	100	0.0856024	.1245		0.0552493	.1345	500
09	4	100	0.0152593	.0903		0.0162136	.1227	500
10	25	100	0.0158625	.1616		0.017771	.2222	500
09	5	100	0.083838	.1497		0.123547	.1767	500
10	3	100	0.0159919	.1117		0.0163475	.1351	500
09	6	100	0.104883	.1442		0.132802	.1474	500
10	4	100	0.00828349	.1447		0.010914	.1776	500
09	7	100	0.0998908	.1499		0.0709191	.1335	500
10	5	100	0.15002	.0994		0.0275857	.1114	500
09	8	100	0.13022	.225		0.0664248	.1611	500
10	6	100	0.0232337	.1419		0.0407303	.1419	500
09	9	100	0.0193065	.124		0.0212797	.14	500
10	7	100	0.0536453	.1898		0.0353691	.1857	500
10	8	100	0.0192372	.1293		0.058474	.1478	500
10	9	100	0.189226	.1381		0.203466	.1432	500
